{
  "model_path": "/home/izu/Projects/uit_shield_demo/models/uit_shield_model.joblib",
  "num_rows": 58,
  "labels": [
    "phishing",
    "safe",
    "spam"
  ],
  "report": {
    "phishing": {
      "precision": 0.8571428571428571,
      "recall": 1.0,
      "f1-score": 0.9230769230769231,
      "support": 6.0
    },
    "safe": {
      "precision": 1.0,
      "recall": 1.0,
      "f1-score": 1.0,
      "support": 5.0
    },
    "spam": {
      "precision": 1.0,
      "recall": 0.75,
      "f1-score": 0.8571428571428571,
      "support": 4.0
    },
    "accuracy": 0.9333333333333333,
    "macro avg": {
      "precision": 0.9523809523809524,
      "recall": 0.9166666666666666,
      "f1-score": 0.9267399267399267,
      "support": 15.0
    },
    "weighted avg": {
      "precision": 0.9428571428571428,
      "recall": 0.9333333333333333,
      "f1-score": 0.9311355311355312,
      "support": 15.0
    }
  }
}